name;municipality_identifier;district_id
Joldelund;1054059-2;2
Seeth;1054119-2;2
Hennstedt;1051049-2;2
Lieth;1051067-2;2
Löwenstedt;1054079-2;2
Uphusum;1054142-2;2
Warwerort;1051121-2;2
Wobbenbüll;1054162-2;2
Büsum;1051013-2;2
Karolinenkoog;1051058-2;2
Tellingstedt;1051114-2;2
Hövede;1051052-2;2
Immenstedt;1054057-2;2
Oster-Ohrstedt;1054101-2;2
Vollerwiek;1054145-2;2
Blomesche Wildnis;1061012-3;3
Windbergen;1051134-3;3
Peissen;1061084-3;3
Busenwurth;1051017-3;3
Hardebek;1060033-3;3
Schafstedt;1051099-3;3
Tensbüttel-Röst;1051138-3;3
Hennstedt einschl. Gemeinde Wiedenborstel;1061036-3;3
Rethwisch;1061092-3;3
Schenefeld;1061097-3;3
Föhrden-Barl;1060021-3;3
Trennewurth;1051118-3;3
Neuenbrook;1061073-3;3
Aebtissinwisch;1061002-3;3
Oeschebüttel;1061080-3;3
Oelixdorf;1061079-3;3
Störkathen;1061103-3;3
Krempdorf;1061054-3;3
Ramhusen;1051090-3;3
Lockstedt;1061064-3;3
Rondeshagen;1053103-11;11
Schiphorst;1053109-11;11
Sirksfelde;1053121-11;11
Bliestorf;1053011-11;11
Siebenbäumen;1053118-11;11
Schönberg;1053112-11;11
Lübeck, Hansestadt (Wkr. 011);1003000-11;11
Labenz;1053079-11;11
Niendorf bei Berkenthin;1053094-11;11
Sierksrade;1053120-11;11
Groß Schenkenberg;1053044-11;11
Reinfeld (Holstein), Stadt;1062061-9;9
Kabelhorst;1055023-9;9
Mönkhagen;1062048-9;9
Wangels;1055043-9;9
Westerau;1062083-9;9
Timmendorfer Strand;1055042-9;9
Grömitz;1055016-9;9
Fehmarn, Stadt;1055046-9;9
Heilshoop;1062032-9;9
Manhagen;1055029-9;9
Ratekau;1055035-9;9
Ahrensbök;1055001-9;9
Eutin, Stadt;1055012-9;9
Gokels;1058061-4;4
Todenbüttel;1058164-4;4
Thaden;1058161-4;4
Beldorf;1058013-4;4
Osterstedt;1058125-4;4
Haßmoor;1058073-4;4
Timmaspe;1058163-4;4
Rade b. Hohenwestedt;1058131-4;4
Jahrsdorf;1058085-4;4
Luhnstedt;1058101-4;4
Kiel, Landeshauptstadt (Wkr. 005);1002000-5;5
Kronshagen;1058092-5;5
Altenholz;1058005-5;5
Salem;1053107-10;10
Trittau;1062082-10;10
Duvensee;1053025-10;10
Koberg;1053069-10;10
Hollenbek;1053054-10;10
Köthel;1062040-10;10
Buchholz;1053018-10;10
Harmsdorf;1053051-10;10
Albsfelde;1053001-10;10
Grönwohld;1062021-10;10
Lauenburg/ Elbe, Stadt;1053083-10;10
Aumühle;1053003-10;10
Tangstedt;1056047-7;7
Hemdingen;1056026-7;7
Bevern;1056003-7;7
Helgoland;1056025-7;7
Seester;1056033-7;7
Uetersen, Stadt;1056049-7;7
Halstenbek;1056018-7;7
Heidgraben;1056023-7;7
Kummerfeld;1056032-7;7
Pinneberg, Stadt;1056039-7;7
Osterhorn;1056038-7;7
Wahlstorf;1057084-6;6
Nehmten;1057053-6;6
Bendfeld;1057006-6;6
Hohenfelde;1057029-6;6
Blekendorf;1057007-6;6
Fargau-Pratjau;1057090-6;6
Preetz, Stadt;1057062-6;6
Tröndel;1057082-6;6
Lammershagen;1057044-6;6
Belau;1057005-6;6
Rickling;1060068-6;6
Nettelsee;1057054-6;6
Dannau;1057013-6;6
Warnau;1057086-6;6
Wittenborn;1060101-8;8
Stocksee;1060080-8;8
Schwissel;1060074-8;8
Bühnsdorf;1060015-8;8
Neversdorf;1060062-8;8
Stuvenborn;1060084-8;8
Pölitz;1062056-8;8
Oering;1060065-8;8
Seedorf;1060075-8;8
Nahe;1060058-8;8
Bargfeld-Stegen;1062005-8;8
Bad Segeberg, Stadt;1060005-8;8
Gallin;13076039-12;12
Vielank;13076143-12;12
Greven;13076055-12;12
Niendorf;13074058-12;12
Moraas;13076099-12;12
Thandorf;13074078-12;12
Lützow;13074050-12;12
Göhlen;13076046-12;12
Perlin;13074061-12;12
Neu Gülze;13076102-12;12
Bengerstorf;13076009-12;12
Rollwitz;13075115-16;16
Karlshagen;13075058-16;16
Loissin;13075081-16;16
Stolpe auf Usedom;13075129-16;16
Helpt;13071061-16;16
Wrangelsburg;13075145-16;16
Gribow;13075040-16;16
Zerrenthin;13075149-16;16
Torgelow-Holländerei;13075132-16;16
Nadrensee;13075095-16;16
Altwarp;13075003-16;16
Katzow;13075059-16;16
Kamminke;13075056-16;16
Groß Miltzow;13071054-16;16
Groß Teetzleben;13071057-17;17
Kuckssee;13071173-17;17
Grabow-Below;13071046-17;17
Meesiger;13071096-17;17
Mölln;13071102-17;17
Fincken;13071034-17;17
Melz;13071097-17;17
Laage, Stadt;13072062-17;17
Tarnow;13072104-17;17
Verchen;13071150-17;17
Gültz;13071059-17;17
Klein Vielen;13071075-17;17
Lalendorf;13072063-17;17
Carpin;13071025-17;17
Börgerende-Rethwisch;13072017-13;13
Züsow;13074091-13;13
Testorf-Steinfort;13074077-13;13
Tramm;13076140-13;13
Boiensdorf;13074009-13;13
Karbow-Vietlübbe;13076066-13;13
Sternberg, Stadt;13076128-13;13
Dobbertin;13076032-13;13
Mallentin;13074051-13;13
Grevesmühlen, Stadt;13074026-13;13
Tessenow;13076137-13;13
Barnin;13076007-13;13
Hohen Pritz;13076062-13;13
Lübow;13074047-13;13
Biendorf;13072014-13;13
Papendorf;13072077-14;14
Sanitz;13072091-14;14
Gelbensande;13072032-14;14
Nustrow;13072076-14;14
Rukieten;13072090-14;14
Grammow;13072037-14;14
Selpin;13072097-14;14
Kritzmow;13072057-14;14
Thulendorf;13072108-14;14
Roggentin;13072087-14;14
Ziesendorf;13072121-14;14
Klein Kussewitz;13072054-14;14
Stubbendorf;13072102-14;14
Zarnewanz;13072118-14;14
Wiendorf;13072116-14;14
Graal-Müritz;13072036-14;14
Blankenhagen;13072015-14;14
Broderstorf;13072019-14;14
Mönchhagen;13072072-14;14
Bentwisch;13072012-14;14
Dersekow;13075027-15;15
Gager;13073026-15;15
Lietzow;13073049-15;15
Hugoldsdorf;13073039-15;15
Göhren;13073031-15;15
Richtenberg, Stadt;13073076-15;15
Insel Hiddensee;13073040-15;15
Altenkirchen;13073004-15;15
Velgast;13073096-15;15
Bergen auf Rügen, Stadt;13073010-15;15
Löbnitz;13073051-15;15
Breege;13073013-15;15
Jakobsdorf;13073041-15;15
Greifswald, Hansestadt;13075039-15;15
Lancken-Granitz;13073048-15;15
Neuenkirchen;13073059-15;15
Semlow;13073085-15;15
Süderholz;13073089-15;15
Lüssow;13073054-15;15
Franzburg, Stadt;13073024-15;15
Hamburg;2000000-21;21
Hamburg;2000000-22;22
Hamburg;2000000-23;23
Hamburg;2000000-19;19
Hamburg;2000000-20;20
Hamburg;2000000-18;18
Sulingen, Stadt;3251040-33;33
Scholen;3251031-33;33
Schwaförden;3251032-33;33
Uchte, Flecken;3256033-33;33
Warpe;3256035-33;33
Brockum;3251009-33;33
Hoyerhagen;3256015-33;33
Dickel;3251011-33;33
Weyhe;3251047-33;33
Kirchdorf;3251021-33;33
Drebber;3251013-33;33
Bahrenborstel;3251003-33;33
Eydelstedt;3251017-33;33
Maasen;3251024-33;33
Barnstorf, Flecken;3251005-33;33
Neuenkirchen;3251028-33;33
Twistringen, Stadt;3251042-33;33
Gyhum;3357018-30;30
Sauensiek;3359037-30;30
Guderhandviertel;3359021-30;30
Lengenbostel;3357034-30;30
Wilstedt;3357055-30;30
Deinste;3359011-30;30
Hollern-Twielenfleth;3359026-30;30
Jork;3359028-30;30
Basdahl;3357004-30;30
Zeven, Stadt;3357057-30;30
Fredenbeck;3359017-30;30
Buxtehude, Stadt;3359010-30;30
Ebersdorf;3357012-30;30
Vorwerk;3357052-30;30
Elsdorf;3357013-30;30
Seedorf;3357042-30;30
Anderlingen;3357003-30;30
Hamersen;3357019-30;30
Bliedersdorf;3359007-30;30
Glandorf;3459034-38;38
Berge;3459009-38;38
Fürstenau, Stadt;3459017-38;38
Bissendorf;3459012-38;38
Eggermühlen;3459016-38;38
Dissen am Teutoburger Wald, Stadt;3459015-38;38
Bramsche, Stadt;3459014-38;38
Bad Laer;3459005-38;38
Ostercappeln;3459029-38;38
Bersenbrück, Stadt;3459010-38;38
Nortrup;3459028-38;38
Gehrde;3459018-38;38
Neuenkirchen;3459027-38;38
Bad Iburg, Stadt;3459004-38;38
Melle, Stadt;3459024-38;38
Hehlen;3255017-46;46
Aerzen, Flecken;3252001-46;46
Golmbach;3255015-46;46
Bevern, Flecken;3255002-46;46
Lüerdissen;3255028-46;46
Ottenstein, Flecken;3255031-46;46
Pegestorf;3255032-46;46
Halle;3255016-46;46
Coppenbrügge, Flecken;3252004-46;46
Heinade;3255018-46;46
Holzminden, Stadt;3255023-46;46
Holenberg;3255021-46;46
Dielmissen;3255010-46;46
Hameln, Stadt;3252006-46;46
Bodenfelde, Flecken;3155002-46;46
Bodenwerder, Stadt;3255003-46;46
Lenne;3255027-46;46
Wallmoden;3153014-49;49
Winnigstedt;3158035-49;49
Hornburg, Stadt;3158020-49;49
Remlingen;3158024-49;49
Cremlingen;3158006-49;49
Uehrde;3158031-49;49
Veltheim (Ohe);3158033-49;49
Denkte;3158008-49;49
Werlaburgdorf;3158034-49;49
Hedeper;3158017-49;49
Wolfenbüttel, Stadt;3158037-49;49
Langelsheim, Stadt;3153007-49;49
Börßum;3158038-49;49
Schöppenstedt, Stadt;3158027-49;49
Baddeckenstedt;3158002-49;49
Seesen, Stadt;3153012-49;49
Ohrum;3158023-49;49
Ottersberg, Flecken;3361008-34;34
Dörverden;3361003-34;34
Holste;3356004-34;34
Axstedt;3356001-34;34
Thedinghausen;3361013-34;34
Vollersode;3356010-34;34
Verden (Aller), Stadt;3361012-34;34
Hambergen;3356003-34;34
Riede;3361010-34;34
Lilienthal;3356005-34;34
Worpswede;3356011-34;34
Blender;3361002-34;34
Grasberg;3356002-34;34
Burgdorf, Stadt;3241003-43;43
Isernhagen;3241008-43;43
Garbsen, Stadt;3241005-43;43
Burgwedel, Stadt;3241004-43;43
Wunstorf, Stadt;3241021-43;43
Langenhagen, Stadt;3241010-43;43
Neustadt am Rübenberge, Stadt;3241012-43;43
Wedemark;3241019-43;43
Rosche;3360018-44;44
Bergen, Stadt;3351004-44;44
Himbergen;3360011-44;44
Emmendorf;3360008-44;44
Wienhausen, Klostergemeinde;3351022-44;44
Nienhagen;3351018-44;44
Eschede;3351009-44;44
Stoetze;3360022-44;44
Hambühren;3351012-44;44
Hermannsburg;3351013-44;44
Bad Bodenteich, Flecken;3360005-44;44
Uelzen, Stadt;3360025-44;44
Langlingen;3351017-44;44
Unterlüß;3351020-44;44
Ebstorf,Klosterflecken;3360006-44;44
Eimke;3360007-44;44
Jelmstorf;3360012-44;44
Varel, Stadt;3455026-26;26
Wittmund, Stadt;3462019-26;26
Moorweg;3462008-26;26
Sande;3455014-26;26
Utarp;3462016-26;26
Werdum;3462017-26;26
Zetel;3455027-26;26
Dunum;3462002-26;26
Stedesdorf;3462015-26;26
Nenndorf;3462009-26;26
Eversmeer;3462004-26;26
Neuschoo;3462011-26;26
Jever, Stadt;3455007-26;26
Wangerland;3455020-26;26
Spiekeroog;3462014-26;26
Neuharlingersiel;3462010-26;26
Gödenstorf;3353013-36;36
Wistedt;3353041-36;36
Garstedt;3353012-36;36
Drage;3353007-36;36
Stelle;3353032-36;36
Otter;3353027-36;36
Kakenstorf;3353021-36;36
Brackel;3353004-36;36
Hollenstedt;3353019-36;36
Tespe;3353033-36;36
Salzhausen;3353030-36;36
Handeloh;3353015-36;36
Winsen (Luhe), Stadt;3353040-36;36
Bremen, Stadt (Wkr. 054, 055);4011000-54;54
Bremen, Stadt (Wkr. 054, 055);4011000-55;55
Bremerhaven, Stadt (Wkr. 055);4012000-55;55
Seddiner See;12069596-60;60
Borkheide;12069052-60;60
Bensdorf;12069028-60;60
Kloster Lehnin;12069306-60;60
Niedergörsdorf;12072297-60;60
Wenzlow;12069648-60;60
Rabenstein/Fläming;12069485-60;60
Treuenbrietzen, Stadt;12069632-60;60
Mühlenfließ;12069402-60;60
Päwesin;12069460-60;60
Niemegk, Stadt;12069448-60;60
Beetzseeheide;12069019-60;60
Premnitz, Stadt;12063244-60;60
Beelitz, Stadt;12069017-60;60
Planebruch;12069470-60;60
Linthe;12069345-60;60
Groß Kreutz (Havel);12069249-60;60
Ziesar, Stadt;12069696-60;60
Planetal;12069474-60;60
Am Mellensee;12072002-62;62
Spreewaldheide;12061470-62;62
Heidesee;12061217-62;62
Mittenwalde, Stadt;12061332-62;62
Rangsdorf;12072340-62;62
Rietzneuendorf-Staakow;12061405-62;62
Drahnsdorf;12061097-62;62
Luckau, Stadt;12061320-62;62
Golßen, Stadt;12061164-62;62
Halbe;12061216-62;62
Schwerin;12061448-62;62
Eichwalde;12061112-62;62
Krausnick-Groß Wasserburg;12061265-62;62
Blankenfelde-Mahlow;12072017-62;62
Bersteland;12061017-62;62
Wildau, Stadt;12061540-62;62
Jamlitz;12061224-62;62
Dahmetal;12072055-62;62
Groß Köris;12061192-62;62
Byhleguhre-Byhlen;12061061-62;62
Nuthe-Urstromtal;12072312-62;62
Potsdam, Stadt (Wkr. 061);12054000-61;61
Schwielowsee;12069590-61;61
Michendorf;12069397-61;61
Stahnsdorf;12069604-61;61
Großbeeren;12072120-61;61
Ludwigsfelde, Stadt;12072240-61;61
Nuthetal;12069454-61;61
Kleinmachnow;12069304-61;61
Teltow, Stadt;12069616-61;61
Werder (Havel), Stadt;12069656-61;61
Spremberg, Stadt;12071372-64;64
Forst (Lausitz), Stadt;12071076-64;64
Kolkwitz;12071244-64;64
Guhrow;12071164-64;64
Drachhausen;12071052-64;64
Teichland;12071386-64;64
Döbern, Stadt;12071044-64;64
Jämlitz-Klein Düben;12071189-64;64
Tauer;12071384-64;64
Schenkendöbern;12071337-64;64
Fürstenberg/Havel, Stadt;12065084-58;58
Oranienburg, Stadt;12065256-58;58
Gransee, Stadt;12065100-58;58
Brieselang;12063036-58;58
Oberkrämer;12065251-58;58
Hohen Neuendorf, Stadt;12065144-58;58
Velten, Stadt;12065332-58;58
Sonnenberg;12065301-58;58
Liebenwalde, Stadt;12065193-58;58
Zehdenick, Stadt;12065356-58;58
Schönermark;12065276-58;58
Senftenberg, Stadt;12066304-65;65
Hirschfeld;12062232-65;65
Falkenberg/Elster, Stadt;12062128-65;65
Ortrand, Stadt;12066240-65;65
Finsterwalde, Stadt;12062140-65;65
Merzdorf;12062336-65;65
Mühlberg/Elbe, Stadt;12062341-65;65
Schipkau;12066285-65;65
Fichtwald;12062134-65;65
Tröbitz;12062492-65;65
Grünewald;12066116-65;65
Altdöbern;12066008-65;65
Schönborn;12062453-65;65
Heideland;12062219-65;65
Hermsdorf;12066124-65;65
Friedland, Stadt;12067137-63;63
Schlaubetal;12067438-63;63
Jacobsdorf;12067237-63;63
Frankfurt (Oder), Stadt (Wkr. 063);12053000-63;63
Storkow (Mark), Stadt;12067481-63;63
Fürstenwalde/Spree, Stadt;12067144-63;63
Mixdorf;12067324-63;63
Berkenbrück;12067040-63;63
Rauen;12067408-63;63
Schöneiche bei Berlin;12067440-63;63
Beeskow, Stadt;12067036-63;63
Diensdorf-Radlow;12067112-63;63
Langewahl;12067288-63;63
Wendisch Rietz;12067520-63;63
Vogelsang;12067508-63;63
Grünheide (Mark);12067201-63;63
Erkner, Stadt;12067124-63;63
Siehdichum;12067458-63;63
Ragow-Merz;12067397-63;63
Ziltendorf;12067552-63;63
Lawitz;12067292-63;63
Lenzerwische;12070246-56;56
Pessin;12063240-56;56
Karstädt;12070173-56;56
Wusterhausen/Dosse;12068477-56;56
Friesack, Stadt;12063088-56;56
Rheinsberg, Stadt;12068353-56;56
Breese;12070052-56;56
Bad Wilsnack, Stadt;12070008-56;56
Seeblick;12063274-56;56
Temnitztal;12068426-56;56
Marienfließ;12070266-56;56
Sieversdorf-Hohenofen;12068409-56;56
Pritzwalk, Stadt;12070316-56;56
Putlitz, Stadt;12070325-56;56
Rüthnick;12068372-56;56
Pirow;12070300-56;56
Zernitz-Lohm;12068501-56;56
Dabergotz;12068072-56;56
Brüssow, Stadt;12073085-57;57
Passow;12073603-57;57
Althüttendorf;12060012-57;57
Randowtal;12073458-57;57
Mittenwalde;12073404-57;57
Hohenselchow-Groß Pinnow;12073309-57;57
Tantow;12073565-57;57
Grünow;12073261-57;57
Schöneberg;12073505-57;57
Flieth-Stegelitz;12073157-57;57
Hohenfinow;12060092-57;57
Joachimsthal, Stadt;12060100-57;57
Sydower Fließ;12060250-59;59
Müncheberg, Stadt;12064317-59;59
Lindendorf;12064290-59;59
Treplin;12064480-59;59
Zechin;12064538-59;59
Werneuchen, Stadt;12060280-59;59
Heckelberg-Brunow;12064205-59;59
Melchow;12060161-59;59
Golzow;12064172-59;59
Oderaue;12064371-59;59
Neuenhagen bei Berlin;12064336-59;59
Buckow (Märkische Schweiz), Stadt;12064084-59;59
Panketal;12060181-59;59
Reichenow-Möglin;12064417-59;59
Oberbarnim;12064370-59;59
Reitwein;12064420-59;59
Lietzen;12064288-59;59
Biesenthal, Stadt;12060024-59;59
Gardelegen, Hansestadt;15081135-66;66
Kuhfelde;15081290-66;66
Schönhausen (Elbe);15090500-66;66
Arneburg, Stadt;15090010-66;66
Aland;15090003-66;66
Diesdorf, Flecken;15081105-66;66
Dähre;15081095-66;66
Apenburg-Winterfeld, Flecken;15081026-66;66
Bismark (Altmark), Stadt;15090070-66;66
Salzwedel, Hansestadt;15081455-66;66
Egeln, Stadt;15089075-71;71
Bernburg (Saale), Stadt;15089030-71;71
Zörbig, Stadt;15082440-71;71
Staßfurt, Stadt;15089310-71;71
Ilberstedt;15089185-71;71
Hecklingen, Stadt;15089175-71;71
Südliches Anhalt, Stadt;15082377-71;71
Köthen (Anhalt), Stadt;15082180-71;71
Alsleben (Saale), Stadt;15089005-71;71
Wolmirsleben;15089365-71;71
Könnern, Stadt;15089195-71;71
Bitterfeld-Wolfen, Stadt;15082015-71;71
Börde-Hakel;15089043-71;71
Bördeland;15089042-69;69
Magdeburg, Landeshauptstadt (Wkr. 069);15003000-69;69
Barby, Stadt;15089026-69;69
Calbe (Saale), Stadt;15089055-69;69
Schönebeck (Elbe), Stadt;15089305-69;69
Coswig (Anhalt), Stadt;15091060-70;70
Gräfenhainichen, Stadt;15091110-70;70
Dessau-Roßlau, Stadt (Wkr. 070);15001000-70;70
Annaburg, Stadt;15091010-70;70
Oranienbaum-Wörlitz, Stadt;15091241-70;70
Bad Schmiedeberg, Stadt;15091020-70;70
Jessen (Elster), Stadt;15091145-70;70
Mühlanger;15091230-70;70
Wittenberg, Lutherstadt;15091375-70;70
Zahna-Elster, Stadt;15091391-70;70
Kemberg, Stadt;15091160-70;70
Rieder;15085255-68;68
Ditfurt;15085090-68;68
Nordharz;15085227-68;68
Quedlinburg, Stadt;15085235-68;68
Thale, Stadt;15085330-68;68
Harzgerode, Stadt;15085145-68;68
Aschersleben, Stadt;15089015-68;68
Groß Quenstedt;15085125-68;68
Gernrode, Stadt;15085120-68;68
Seeland, Stadt;15089307-68;68
Falkenstein/Harz, Stadt;15085110-68;68
Huy;15085185-68;68
Ilsenburg (Harz), Stadt;15085190-68;68
Schwanebeck, Stadt;15085285-68;68
Halberstadt, Stadt;15085135-68;68
Landsberg, Stadt;15088195-72;72
Petersberg;15088295-72;72
Halle (Saale), Stadt (Wkr. 072);15002000-72;72
Kabelsketal;15088150-72;72
Kaiserpfalz;15084246-73;73
Eckartsberga, Stadt;15084125-73;73
Osterfeld, Stadt;15084375-73;73
Weißenfels, Stadt;15084550-73;73
Mertendorf;15084335-73;73
Goseck;15084170-73;73
Freyburg (Unstrut), Stadt;15084135-73;73
Wetterzeube;15084565-73;73
Teuchern, Stadt;15084490-73;73
Schnaudertal;15084442-73;73
Wethau;15084560-73;73
Gutenborn;15084207-73;73
Lanitz-Hassel-Tal;15084282-73;73
Meineweh;15084013-73;73
Droyßig;15084115-73;73
Elsteraue;15084130-73;73
Nebra (Unstrut), Stadt;15084360-73;73
Bad Bibra, Stadt;15084015-73;73
Schkopau;15088330-73;73
Laucha an der Unstrut, Stadt;15084285-73;73
Allstedt, Stadt;15087015-74;74
Edersleben;15087125-74;74
Farnstädt;15088100-74;74
Barnstädt;15088030-74;74
Klostermansfeld;15087260-74;74
Querfurt, Stadt;15088305-74;74
Berga;15087055-74;74
Sangerhausen, Stadt;15087370-74;74
Steigra;15088355-74;74
Seegebiet Mansfelder Land;15087386-74;74
Arnstein, Stadt;15087031-74;74
Bornstedt;15087075-74;74
Merseburg, Stadt;15088220-74;74
Schraplau, Stadt;15088340-74;74
Kelbra (Kyffhäuser), Stadt;15087250-74;74
Mansfeld, Stadt;15087275-74;74
Salzatal;15088319-74;74
Mücheln (Geiseltal), Stadt;15088235-74;74
Teutschenthal;15088365-74;74
Wimmelburg;15087470-74;74
Helbra;15087205-74;74
Jerichow, Stadt;15086080-67;67
Am Großen Bruch;15083025-67;67
Harbke;15083275-67;67
Oschersleben (Bode), Stadt;15083415-67;67
Burgstall;15083120-67;67
Sülzetal;15083490-67;67
Bülstringen;15083115-67;67
Elbe-Parey;15086035-67;67
Erxleben;15083205-67;67
Flechtingen;15083230-67;67
Burg, Stadt;15086015-67;67
Sommersdorf;15083485-67;67
Colbitz;15083130-67;67
Ingersleben;15083323-67;67
Biederitz;15086005-67;67
Niedere Börde;15083390-67;67
Loitsche-Heinrichsberg;15083361-67;67
Wefensleben;15083535-67;67
Berlin;11102000-83;83
Berlin;11202000-83;83
Berlin;11103000-83;83
Berlin;11208000-82;82
Berlin;11103000-76;76
Berlin;11204000-80;80
Berlin;11207000-81;81
Berlin;11109000-84;84
Berlin;11111000-86;86
Berlin;11206000-79;79
Berlin;11204000-78;78
Berlin;11205000-78;78
Berlin;11110000-85;85
Essen, Stadt (Wkr. 118 bis 120);5113000-120;120
Löhne, Stadt;5758024-133;133
Vlotho, Stadt;5758036-133;133
Kirchlengern;5758020-133;133
Enger, Widukindstadt;5758008-133;133
Rödinghausen;5758028-133;133
Bünde, Stadt;5758004-133;133
Bad Oeynhausen, Stadt;5770004-133;133
Spenge, Stadt;5758032-133;133
Herford, Hansestadt;5758012-133;133
Hiddenhausen;5758016-133;133
Haan, Stadt;5158008-104;104
Langenfeld (Rheinland), Stadt;5158020-104;104
Monheim am Rhein, Stadt;5158026-104;104
Mettmann, Stadt;5158024-104;104
Hilden, Stadt;5158016-104;104
Erkrath, Stadt;5158004-104;104
Detmold, Stadt;5766020-136;136
Augustdorf;5766004-136;136
Schlangen;5766064-136;136
Warburg, Hansestadt;5762036-136;136
Brakel, Stadt;5762016-136;136
Borgentreich, Orgelstadt;5762012-136;136
Marienmünster, Stadt;5762024-136;136
Bad Driburg, Stadt;5762004-136;136
Schieder-Schwalenberg, Stadt;5766060-136;136
Horn-Bad Meinberg, Stadt;5766032-136;136
Lügde, Stadt der Osterräder;5766052-136;136
Beverungen, Stadt;5762008-136;136
Willebadessen, Stadt;5762040-136;136
Alfter;5382004-98;98
Swisttal;5382064-98;98
Wachtberg;5382072-98;98
Bad Honnef, Stadt;5382008-98;98
Sankt Augustin, Stadt;5382056-98;98
Bornheim, Stadt;5382012-98;98
Königswinter, Stadt;5382024-98;98
Rheinbach, Stadt;5382048-98;98
Meckenheim, Stadt;5382032-98;98
Elsdorf, Stadt;5362016-91;91
Frechen, Stadt;5362024-91;91
Pulheim, Stadt;5362036-91;91
Hürth, Stadt;5362028-91;91
Bergheim, Stadt;5362008-91;91
Bedburg, Stadt;5362004-91;91
Kerpen, Kolpingstadt;5362032-91;91
Bielefeld, Stadt (Wkr. 132);5711000-132;132
Werther (Westf.), Stadt;5754052-132;132
Alpen;5170004-113;113
Rheinberg, Stadt;5170032-113;113
Schermbeck;5170036-113;113
Wesel, Stadt;5170048-113;113
Voerde (Niederrhein), Stadt;5170044-113;113
Kamp-Lintfort, Stadt;5170020-113;113
Xanten, Stadt;5170052-113;113
Hamminkeln, Stadt;5170012-113;113
Hünxe;5170016-113;113
Sonsbeck;5170040-113;113
Harsewinkel, Die Mähdrescherstadt;5754016-131;131
Borgholzhausen, Stadt;5754004-131;131
Langenberg;5754024-131;131
Herzebrock-Clarholz;5754020-131;131
Gütersloh, Stadt;5754008-131;131
Rheda-Wiedenbrück, Stadt;5754028-131;131
Rietberg, Stadt;5754032-131;131
Verl, Stadt;5754044-131;131
Versmold, Stadt;5754048-131;131
Steinhagen;5754040-131;131
Halle (Westf.), Stadt;5754012-131;131
Erndtebrück;5970012-148;148
Siegen, Universitätsstadt;5970040-148;148
Hilchenbach, Stadt;5970020-148;148
Neunkirchen;5970036-148;148
Burbach;5970008-148;148
Freudenberg, Stadt;5970016-148;148
Kreuztal, Stadt;5970024-148;148
Bad Berleburg, Stadt;5970004-148;148
Wilnsdorf;5970044-148;148
Bad Laasphe, Stadt;5970028-148;148
Netphen, Stadt;5970032-148;148
Arnsdorf;14625010-160;160
Radeberg, Stadt;14625480-160;160
Großröhrsdorf, Stadt;14625200-160;160
Wachau;14625600-160;160
Bretnig-Hauswalde;14625050-160;160
Dresden, Stadt (Wkr. 159, 160);14612000-160;160
Ottendorf-Okrilla;14625430-160;160
Geithain, Stadt;14729150-154;154
Markkleeberg, Stadt;14729260-154;154
Bad Lausick, Stadt;14729010-154;154
Bennewitz;14729030-154;154
Kohren-Sahlis, Stadt;14729230-154;154
Markranstädt, Stadt;14729270-154;154
Zwenkau, Stadt;14729430-154;154
Borsdorf;14729060-154;154
Grimma, Stadt;14729160-154;154
Machern;14729250-154;154
Groitzsch, Stadt;14729170-154;154
Espenhain;14729110-154;154
Borna, Stadt;14729050-154;154
Trebsen/Mulde, Stadt;14729400-154;154
Colditz, Stadt;14729080-154;154
Frohburg, Stadt;14729140-154;154
Lossatal;14729245-154;154
Böhlen, Stadt;14729040-154;154
Otterwisch;14729330-154;154
Bergen;14523050-166;166
Steinberg;14523380-166;166
Pöhl;14523330-166;166
Werda;14523460-166;166
Reichenbach im Vogtland, Stadt;14523340-166;166
Limbach;14523190-166;166
Auerbach/Vogtl., Stadt;14523020-166;166
Elsterberg, Stadt;14523100-166;166
Erlbach;14523110-166;166
Adorf/Vogtl., Stadt;14523010-166;166
Pausa-Mühltroff, Stadt;14523310-166;166
Grünbach, Höhenluftkurort;14523130-166;166
Theuma;14523410-166;166
Bad Brambach;14523030-166;166
Mulda/Sa.;14522390-161;161
Hainichen, Stadt;14522230-161;161
Neuhausen/Erzgeb.;14522400-161;161
Rossau;14522500-161;161
Döbeln, Stadt;14522080-161;161
Halsbrücke;14522240-161;161
Bobritzsch-Hilbersdorf;14522035-161;161
Weißenborn/Erzgeb.;14522590-161;161
Freiberg, Stadt;14522180-161;161
Frankenberg/Sa., Stadt;14522150-161;161
Brand-Erbisdorf, Stadt;14522050-161;161
Sayda, Stadt;14522520-161;161
Augustusburg, Stadt;14522020-161;161
Flöha, Stadt;14522140-161;161
Oederan, Stadt;14522440-161;161
Waldheim, Stadt;14522570-161;161
Leubsdorf;14522320-161;161
Mochau;14522370-161;161
Oberschöna;14522430-161;161
Lichtenberg/Erzgeb.;14522340-161;161
Mittweida, Stadt;14522360-161;161
Lugau/Erzgeb., Stadt;14521380-163;163
Niederdorf;14521420-163;163
Oberlungwitz, Stadt;14524230-163;163
Burkhardtsdorf;14521120-163;163
Callenberg;14524020-163;163
Niederfrohna;14524220-163;163
Neukirchen/Erzgeb.;14521410-163;163
Mühlau;14522380-163;163
Rochlitz, Stadt;14522490-163;163
Claußnitz;14522070-163;163
Thalheim/Erzgeb., Stadt;14521620-163;163
Burgstädt, Stadt;14522060-163;163
Gornsdorf;14521230-163;163
Hohndorf;14521290-163;163
Lichtenstein/Sa., Stadt;14524160-163;163
Wechselburg;14522580-163;163
Freital, Stadt;14628110-158;158
Reinhardtsdorf-Schöna;14628330-158;158
Sebnitz, Stadt;14628360-158;158
Klingenberg;14628205-158;158
Hartmannsdorf-Reichenau;14628150-158;158
Altenberg, Stadt;14628010-158;158
Dürrröhrsdorf-Dittersbach;14628100-158;158
Bahretal;14628040-158;158
Königstein/Sächs. Schw., Stadt;14628210-158;158
Wilsdruff, Stadt;14628410-158;158
Lohmen;14628240-158;158
Rosenthal-Bielatal;14628340-158;158
Hermsdorf/Erzgeb.;14628170-158;158
Bad Gottleuba-Berggießhübel, Stadt;14628020-158;158
Bannewitz;14628050-158;158
Rathmannsdorf;14628320-158;158
Struppen;14628390-158;158
Müglitztal;14628250-158;158
Tharandt, Stadt;14628400-158;158
Pirna, Stadt;14628270-158;158
Jöhstadt, Stadt;14521330-164;164
Ehrenfriedersdorf, Stadt;14521160-164;164
Lengefeld, Stadt;14521360-164;164
Schneeberg, Stadt;14521530-164;164
Pfaffroda;14521470-164;164
Stützengrün;14521600-164;164
Elterlein, Stadt;14521180-164;164
Eibenstock, Stadt;14521170-164;164
Seiffen/Erzgeb., Kurort;14521570-164;164
Gornau/Erzgeb.;14521220-164;164
Bockau;14521080-164;164
Oberwiesenthal, Kurort, Stadt;14521440-164;164
Breitenbrunn/Erzgeb.;14521110-164;164
Geyer, Stadt;14521210-164;164
Schlettau, Stadt;14521520-164;164
Chemnitz, Stadt (Wkr. 162);14511000-162;162
Mügeln, Stadt;14730200-151;151
Beilrode;14730030-151;151
Eilenburg, Stadt;14730110-151;151
Wermsdorf;14730330-151;151
Dreiheide;14730100-151;151
Schönwölkau;14730280-151;151
Doberschütz;14730080-151;151
Dommitzsch, Stadt;14730090-151;151
Löbnitz;14730180-151;151
Rackwitz;14730250-151;151
Naundorf;14730210-151;151
Dahlen, Stadt;14730060-151;151
Priestewitz;14627200-155;155
Moritzburg;14627150-155;155
Lampertswalde;14627110-155;155
Meißen, Stadt;14627140-155;155
Gröditz, Stadt;14627050-155;155
Leuben-Schleinitz;14627120-155;155
Hirschstein;14627070-155;155
Niederau;14627170-155;155
Tauscha;14627280-155;155
Röderaue;14627240-155;155
Großenhain, Stadt;14627060-155;155
Klipphausen;14627100-155;155
Ketzerbachtal;14627090-155;155
Lommatzsch, Stadt;14627130-155;155
Schönfeld;14627250-155;155
Stauchitz;14627260-155;155
Nossen, Stadt;14627180-155;155
Coswig, Stadt;14627010-155;155
Bad Orb, Stadt;6435001-175;175
Schlüchtern, Stadt;6435025-175;175
Wächtersbach, Stadt;6435029-175;175
Freigericht;6435009-175;175
Glauburg;6440010-175;175
Flörsbachtal;6435008-175;175
Linsengericht;6435018-175;175
Büdingen, Stadt;6440004-175;175
Jossgrund;6435016-175;175
Altenstadt;6440001-175;175
Steinau an der Straße, Brüder-Grimm-Stadt;6435028-175;175
Birstein;6435004-175;175
Brachttal;6435005-175;175
Kefenrod;6440013-175;175
Gründau;6435012-175;175
Gedern, Stadt;6440009-175;175
Hirzenhain;6440011-175;175
Frankfurt am Main, Stadt (Wkr. 182, 183);6412000-183;183
Frankfurt am Main, Stadt (Wkr. 182, 183);6412000-182;182
Hasselroth;6435015-180;180
Schöneck;6435026-180;180
Bruchköbel, Stadt;6435006-180;180
Großkrotzenburg;6435011-180;180
Neuberg;6435020-180;180
Niederdorfelden;6435022-180;180
Erlensee, Stadt;6435007-180;180
Hammersbach;6435013-180;180
Rodenbach;6435023-180;180
Hanau, Brüder-Grimm-Stadt;6435014-180;180
Maintal, Stadt;6435019-180;180
Ronneburg;6435024-180;180
Langenselbold, Stadt;6435017-180;180
Nidderau, Stadt;6435021-180;180
Kirchhain, Stadt;6534011-171;171
Stadtallendorf, Stadt;6534018-171;171
Lohra;6534013-171;171
Amöneburg, Stadt;6534001-171;171
Steffenberg;6534019-171;171
Bad Endbach;6534003-171;171
Wetter (Hessen), Stadt;6534021-171;171
Rauschenberg, Stadt;6534017-171;171
Dautphetal;6534007-171;171
Angelburg;6534002-171;171
Weimar (Lahn);6534020-171;171
Fronhausen;6534009-171;171
Biedenkopf, Stadt;6534004-171;171
Wiesbaden, Landeshauptstadt (Wkr. 179);6414000-179;179
Erzhausen;6432006-186;186
Ober-Ramstadt, Stadt;6432016-186;186
Darmstadt, Wissenschaftsstadt (Wkr. 186);6411000-186;186
Bickenbach;6432003-186;186
Mühltal;6432014-186;186
Griesheim, Stadt;6432008-186;186
Modautal;6432013-186;186
Weiterstadt, Stadt;6432023-186;186
Pfungstadt, Stadt;6432018-186;186
Messel;6432012-186;186
Alsbach-Hähnlein;6432001-186;186
Münster;6432015-186;186
Eppertshausen;6432005-186;186
Seeheim-Jugenheim;6432022-186;186
Roßdorf;6432020-186;186
Leun, Stadt;6532016-172;172
Siegbach;6532019-172;172
Haiger, Stadt;6532011-172;172
Wettenberg;6531018-172;172
Driedorf;6532007-172;172
Eschenburg;6532009-172;172
Mittenaar;6532017-172;172
Bischoffen;6532002-172;172
Dietzhölztal;6532005-172;172
Ehringshausen;6532008-172;172
Wetzlar, Stadt;6532023-172;172
Twistetal;6635018-167;167
Edertal;6635009-167;167
Naumburg, Stadt;6633018-167;167
Bad Arolsen, Stadt;6635002-167;167
Lichtenfels, Stadt;6635016-167;167
Willingen (Upland);6635022-167;167
Bad Wildungen, Stadt;6635003-167;167
Baunatal, Stadt;6633003-167;167
Habichtswald;6633011-167;167
Wolfhagen, Stadt;6633028-167;167
Waldeck, Stadt;6635021-167;167
Hofgeismar, Stadt;6633013-167;167
Korbach, Hansestadt;6635015-167;167
Trendelburg, Stadt;6633025-167;167
Bad Emstal;6633006-167;167
Bad Karlshafen, Stadt;6633002-167;167
Reinhardshagen;6633022-167;167
Mainhausen;6438007-187;187
Brombachtal;6437005-187;187
Fränkisch-Crumbach;6437007-187;187
Dieburg, Stadt;6432004-187;187
Rodgau, Stadt;6438011-187;187
Fischbachtal;6432007-187;187
Rödermark, Stadt;6438012-187;187
Groß-Umstadt, Stadt;6432010-187;187
Reinheim, Stadt;6432019-187;187
Seligenstadt, Stadt;6438013-187;187
Groß-Zimmern;6432011-187;187
Schaafheim;6432021-187;187
Groß-Bieberau, Stadt;6432009-187;187
Hainburg;6438004-187;187
Rothenberg;6437014-187;187
Michelstadt, Stadt;6437011-187;187
Bad König, Stadt;6437001-187;187
Kloster Veßra;16069025-197;197
Themar, Stadt;16069051-197;197
Dingsleben;16069008-197;197
Fambach;16066022-197;197
Hümpfershausen;16066033-197;197
Gompertshausen;16069015-197;197
Benshausen;16066006-197;197
Bad Colberg-Heldburg, Stadt;16069002-197;197
Römhild, Stadt;16069062-197;197
Marisfeld;16069028-197;197
Rosa;16066059-197;197
Birx;16066012-197;197
Wallbach;16066084-197;197
Unterweid;16066078-197;197
Rohr;16066058-197;197
Altersbach;16066001-197;197
Christes;16066015-197;197
Nahetal-Waldau;16069059-197;197
Isseroda;16071036-193;193
Nohra;16071067-193;193
Hopfgarten;16071034-193;193
Niederzimmern;16071065-193;193
Erfurt, Stadt (Wkr. 193);16051000-193;193
Mönchenholzhausen;16071057-193;193
Bechstedtstraß;16071006-193;193
Weimar, Stadt (Wkr. 193);16055000-193;193
Daasdorf a. Berge;16071012-193;193
Troistedt;16071088-193;193
Ottstedt a. Berge;16071073-193;193
Gillersdorf;16070022-192;192
Gotha, Stadt;16067029-192;192
Warza;16067075-192;192
Friemar;16067022-192;192
Dornheim;16070008-192;192
Brüheim;16067005-192;192
Schwabhausen;16067059-192;192
Liebenstein;16070033-192;192
Angelroda;16070003-192;192
Osthausen-Wülfershausen;16070041-192;192
Eisenach, Stadt (Wkr.190);16056000-190;190
Dorndorf;16063018-190;190
Schlotheim, Stadt;16064057-190;190
Frauensee;16063029-190;190
Gerstungen;16063097-190;190
Seebach;16063071-190;190
Barchfeld-Immelborn;16063004-190;190
Klings;16063045-190;190
Bischofroda;16063008-190;190
Mittelsömmern;16064045-190;190
Berka/Werra, Stadt;16063007-190;190
Vacha, Stadt;16063082-190;190
Dankmarshausen;16063014-190;190
Marksuhl;16063052-190;190
Ettenhausen a.d. Suhl;16063024-190;190
Buttlar;16063011-190;190
Hallungen;16063037-190;190
Lauterbach;16063049-190;190
Schönstedt;16064058-190;190
Weinbergen;16064066-190;190
Weißenborn;16074109-194;194
Thierschneck;16074099-194;194
Hartmannsdorf;16074038-194;194
Scheiditz;16074082-194;194
Dornburg-Camburg, Stadt;16074011-194;194
Zöllnitz;16074114-194;194
Bobeck;16074005-194;194
Kahla, Stadt;16074044-194;194
Schkölen, Stadt;16074116-194;194
Altenberga;16074002-194;194
Rauda;16074072-194;194
Gumperda;16074034-194;194
Jena, Stadt (Wkr. 194);16053000-194;194
Heideland;16074039-194;194
Großlöbichau;16074032-194;194
Tautenhain;16074098-194;194
Rothenstein;16074079-194;194
Oberbodnitz;16074064-194;194
Roßleben, Stadt;16065061-191;191
Buchfart;16071009-191;191
Berlstedt;16071007-191;191
Blankenhain, Stadt;16071008-191;191
Mattstedt;16071054-191;191
Gehofen;16065019-191;191
Ettersburg;16071017-191;191
Leutenthal;16071051-191;191
Nauendorf;16071059-191;191
Bad Berka, Stadt;16071003-191;191
Neumark, Stadt;16071061-191;191
Bethenhausen;16076006-195;195
Kraftsdorf;16076089-195;195
Lödla;16077027-195;195
Thonhausen;16077047-195;195
Lucka, Stadt;16077028-195;195
Gauern;16076019-195;195
Meuselwitz, Stadt;16077032-195;195
Großenstein;16076023-195;195
Korbußen;16076036-195;195
Vollmershain;16077049-195;195
Saara;16076064-195;195
Hartmannsdorf;16076026-195;195
Crimla;16076014-195;195
Berga/Elster, Stadt;16076004-195;195
Nobitz;16077036-195;195
Zeulenroda-Triebes, Stadt;16076087-195;195
Seelingstädt;16076069-195;195
Gerstenberg;16077007-195;195
Etzelsrode;16062006-189;189
Rodeberg;16064055-189;189
Haynrode;16061044-189;189
Görsbach;16062008-189;189
Wehnde;16061103-189;189
Bodenrode-Westhausen;16061012-189;189
Kefferhausen;16061055-189;189
Wüstheuterode;16061111-189;189
Bleicherode, Stadt;16062002-189;189
Burgwalde;16061021-189;189
Lehesten, Stadt;16073046-196;196
Geroda;16075029-196;196
Sitzendorf;16073084-196;196
Blankenberg;16075003-196;196
Lemnitz;16075057-196;196
Saalfeld/Saale, Stadt;16073077-196;196
Kospoda;16075051-196;196
Göschitz;16075034-196;196
Volkmannsdorf;16075119-196;196
Burgk;16075009-196;196
Langenorla;16075054-196;196
Grobengereuth;16075039-196;196
Tegau;16075109-196;196
Crispendorf;16075013-196;196
Quaschwitz;16075087-196;196
Moxa;16075069-196;196
Döbritz;16075016-196;196
Katzhütte;16073037-196;196
Wittgendorf;16073101-196;196
Kirrweiler;7336050-210;210
Niederalben;7336067-210;210
Hohenöllen;7336043-210;210
Immesheim;7333032-210;210
Ilbesheim;7333031-210;210
Oberhausen an der Appel;7333053-210;210
Hoppstädten;7336045-210;210
Stahlberg;7333073-210;210
Kerzenheim;7333038-210;210
Gonbach;7333027-210;210
Haschbach am Remigiusberg;7336034-210;210
Stetten;7333076-210;210
Blaubach;7336006-210;210
Reichweiler;7336084-210;210
Rockenhausen, Stadt;7333502-210;210
Gensingen;7339021-206;206
Trechtingshausen;7339058-206;206
Grolsheim;7339022-206;206
Zotzenheim;7339068-206;206
Bingen am Rhein, Stadt;7339005-206;206
Welgesheim;7339065-206;206
Sankt Johann;7339050-206;206
Zornheim;7339067-206;206
Waldalgesheim;7339062-206;206
Sprendlingen;7339056-206;206
Niederheimbach;7339040-206;206
Oberdiebach;7339044-206;206
Gau-Algesheim, Stadt;7339019-206;206
Manubach;7339036-206;206
Ingelheim am Rhein, Stadt;7339030-206;206
Ober-Olm;7339047-206;206
Oberheimbach;7339045-206;206
Sörgenloch;7339054-206;206
Jugenheim in Rheinhessen;7339031-206;206
Nieder-Olm, Stadt;7339042-206;206
Stadecken-Elsheim;7339057-206;206
Paschel;7235105-204;204
Bescheid;7235005-204;204
Reinsfeld;7235114-204;204
Beuren (Hochwald);7235008-204;204
Vierherrenborn;7235140-204;204
Franzenheim;7235027-204;204
Trassem;7235136-204;204
Gusenburg;7235036-204;204
Freudenburg;7235028-204;204
Oberbillig;7235096-204;204
Gutweiler;7235038-204;204
Osburg;7235103-204;204
Merzkirchen;7235154-204;204
Kastel-Staadt;7235057-204;204
Farschweiler;7235021-204;204
Lampaden;7235072-204;204
Wasserliesch;7235143-204;204
Hochstadt (Pfalz);7337041-212;212
Niederotterbach;7337056-212;212
Kirrweiler (Pfalz);7337047-212;212
Knöringen;7337050-212;212
Ilbesheim bei Landau in der Pfalz;7337042-212;212
Siebeldingen;7337073-212;212
Schwegenheim;7334028-212;212
Kandel, Stadt;7334013-212;212
Weingarten (Pfalz);7334032-212;212
Winden;7334034-212;212
Frankweiler;7337026-212;212
Albersweiler;7337001-212;212
Klingenmünster;7337049-212;212
Dexheim;7339011-207;207
Uelversheim;7339059-207;207
Gau-Bischofsheim;7339020-207;207
Bechtolsheim;7331007-207;207
Eimsheim;7339015-207;207
Wahlheim;7331067-207;207
Framersheim;7331026-207;207
Dolgesheim;7339013-207;207
Oppenheim, Stadt;7339049-207;207
Wonsheim;7331075-207;207
Alzey, Stadt;7331003-207;207
Schornsheim;7331059-207;207
Hahnheim;7339025-207;207
Eckelsheim;7331017-207;207
Mommenheim;7339037-207;207
Gundheim;7331037-207;207
Hahn;7140044-201;201
Mermuth;7140093-201;201
Bergenhausen;7140012-201;201
Nieder Kostenz;7140105-201;201
Burtscheid;7231017-201;201
Altweidelbach;7140002-201;201
Ravengiersburg;7140119-201;201
Wintrich;7231133-201;201
Alflen;7135002-201;201
Klosterkumbd;7140070-201;201
Sohren;7140145-201;201
Kliding;7135048-201;201
Schönborn;7140139-201;201
Laufersweiler;7140081-201;201
Sankt Aldegund;7135076-201;201
Lutzerath;7135057-201;201
Schauren;7135077-201;201
Mörsdorf;7135063-201;201
Argenthal;7140003-201;201
Dausenau;7141025-200;200
Burgen;7137206-200;200
Miellen;7141086-200;200
Filsen;7141042-200;200
Arzbach;7141201-200;200
Lehmen;7137504-200;200
Brodenbach;7137205-200;200
Urbar;7137224-200;200
Reitzenhain;7141115-200;200
Mülheim-Kärlich, Stadt;7137216-200;200
Hatzenport;7137208-200;200
Pleitersheim;7133080-202;202
Rehborn;7133083-202;202
Horbruch;7134043-202;202
Schwerbach;7134079-202;202
Kirschroth;7133053-202;202
Schloßböckelheim;7133089-202;202
Rümmelsheim;7133087-202;202
Hintertiefenbach;7134041-202;202
Bruschied;7133201-202;202
Bad Münster am Stein-Ebernburg, Stadt;7133007-202;202
Seibersbach;7133095-202;202
Hallgarten;7133039-202;202
Oberreidenbach;7134066-202;202
Bad Sobernheim, Stadt;7133501-202;202
Bundenbach;7134017-202;202
Sien;7134082-202;202
Nußbaum;7133072-202;202
Altenbamberg;7133003-202;202
Hargesheim;7133040-202;202
Steinalben;7340050-211;211
Geiselberg;7340012-211;211
Althornbach;7340201-211;211
Weselberg;7340055-211;211
Schönau (Pfalz);7340045-211;211
Trulben;7340052-211;211
Rodalben, Stadt;7340038-211;211
Rosenkopf;7340223-211;211
Schindhard;7340043-211;211
Schauerberg;7340042-211;211
Schweix;7340048-211;211
Maßweiler;7340217-211;211
Erlenbach bei Dahn;7340010-211;211
Birkenheide;7338003-208;208
Kleinniedesheim;7338015-208;208
Ludwigshafen am Rhein, kreisfreie Stadt (Wkr. 208);7314000-208;208
Böhl-Iggelheim;7338005-208;208
Beindersheim;7338002-208;208
Limburgerhof;7338017-208;208
Heuchelheim bei Frankenthal;7338013-208;208
Neuhofen;7338020-208;208
Bobenheim-Roxheim;7338004-208;208
Dannstadt-Schauernheim;7338006-208;208
Mutterstadt;7338019-208;208
Hochdorf-Assenheim;7338014-208;208
Heßheim;7338012-208;208
Fußgönheim;7338008-208;208
Lambsheim;7338016-208;208
Altrip;7338001-208;208
Rödersheim-Gronau;7338022-208;208
Unterdietfurt;9277151-230;230
Triftern, M;9277149-230;230
Postmünster;9277139-230;230
Julbach;9277127-230;230
Simbach a.Inn, St;9277145-230;230
Bad Birnbach, M;9277113-230;230
Wallersdorf, M;9279137-230;230
Johanniskirchen;9277126-230;230
Pfarrkirchen, St;9277138-230;230
Reut;9277140-230;230
Waal, M;9777177-257;257
Wald;9777179-257;257
Bad Wörishofen, St;9778116-257;257
Apfeltrach;9778113-257;257
Buxheim;9778123-257;257
Dirlewang, M;9778127-257;257
Benningen;9778118-257;257
Kaltental, M;9777141-257;257
Rettenbach a.Auerberg;9777183-257;257
Legau, M;9778165-257;257
Memmingen (Wkr. 257);9764000-257;257
Pforzen;9777158-257;257
Stöttwang;9777172-257;257
Böhen;9778119-257;257
Westendorf;9777182-257;257
Taufkirchen;9184145-222;222
Ismaning;9184130-222;222
Haar;9184123-222;222
Sauerlach;9184141-222;222
Unterhaching;9184148-222;222
Planegg;9184138-222;222
Oberhaching;9184134-222;222
Baierbrunn;9184113-222;222
Neuried;9184132-222;222
Gräfelfing;9184120-222;222
Straßlach-Dingharting;9184144-222;222
Hohenbrunn;9184129-222;222
Garching b.München, St;9184119-222;222
Schwarzenbach a.d.Saale, St;9475168-239;239
Köditz;9475141-239;239
Döhlau;9475120-239;239
Hof (Wkr. 239);9464000-239;239
Helmbrechts, St;9475136-239;239
Regnitzlosau;9475161-239;239
Zell im Fichtelgebirge, M;9475189-239;239
Bad Steben, M;9475112-239;239
Hohenberg a.d.Eger, St;9479127-239;239
Weißdorf;9475184-239;239
Naila, St;9475156-239;239
Ascha;9278116-231;231
Viechtach, St;9276144-231;231
Straubing (Wkr. 231);9263000-231;231
Langdorf;9276129-231;231
Niederwinkling;9278159-231;231
Konzell;9278143-231;231
Sankt Englmar;9278184-231;231
Leiblfing;9278146-231;231
Kirchroth;9278141-231;231
Laberweinting;9278144-231;231
Tittling, M;9275152-229;229
Neuburg a.Inn;9275133-229;229
Pocking, St;9275141-229;229
Haarbach;9275125-229;229
Untergriesbach, M;9275153-229;229
Fürstenzell, M;9275122-229;229
Ruhstorf a.d.Rott, M;9275145-229;229
Bad Füssing;9275116-229;229
Vilshofen an der Donau, St;9275154-229;229
Neuhaus a.Inn;9275134-229;229
Aidenbach, M;9275112-229;229
Kößlarn, M;9275131-229;229
Thyrnau;9275150-229;229
Hofkirchen, M;9275127-229;229
Tiefenbach;9275151-229;229
Hausen;9474134-236;236
Frensdorf;9471131-236;236
Ebrach, M;9471128-236;236
Hetzles;9474137-236;236
Kunreuth;9474145-236;236
Pommersfelden;9471172-236;236
Hallerndorf;9474133-236;236
Leutenbach;9474147-236;236
Kleinsendelbach;9474144-236;236
Weilersbach;9474171-236;236
Heroldsbach;9474135-236;236
Schlüsselfeld, St;9471220-236;236
Priesendorf;9471173-236;236
Schönbrunn i.Steigerwald;9471186-236;236
Seßlach, St;9473165-238;238
Küps, M;9476146-238;238
Großheirath;9473132-238;238
Wallenfels, St;9476184-238;238
Bad Rodach, St;9473158-238;238
Wilhelmsthal;9476189-238;238
Reichenbach;9476166-238;238
Sonnefeld;9473166-238;238
Meeder;9473144-238;238
Itzgrund;9473138-238;238
Ahorn;9473112-238;238
Schneckenlohe;9476171-238;238
Ludwigsstadt, St;9476152-238;238
Stockheim;9476178-238;238
Nordhalben, M;9476159-238;238
Weidhausen b.Coburg;9473174-238;238
Untersiemau;9473170-238;238
Aura a.d.Saale;9672111-248;248
Oberleichtersbach;9672138-248;248
Wülfershausen a.d.Saale;9673184-248;248
Oberstreu;9673151-248;248
Stockheim;9673170-248;248
Wonfurt;9674219-248;248
Trappstadt, M;9673174-248;248
Bad Königshofen i.Grabfeld, St;9673141-248;248
Höchheim;9673134-248;248
Riedenberg;9672145-248;248
Burkardroth, M;9672117-248;248
Oerlenbach;9672140-248;248
Sulzfeld;9673173-248;248
Bad Kissingen, GKSt;9672114-248;248
Rügland;9571194-241;241
Burgoberbach;9571127-241;241
Leutershausen, St;9571174-241;241
Neuendettelsau;9571180-241;241
Schnelldorf;9571199-241;241
Weihenzell;9571217-241;241
Höttingen;9577141-241;241
Burk;9571128-241;241
Lehrberg, M;9571171-241;241
Arberg, M;9571113-241;241
Feuchtwangen, St;9571145-241;241
Haundorf;9577138-241;241
Dürrwangen, M;9571139-241;241
Ehingen;9571141-241;241
Bruckberg;9571122-241;241
Mitteleschenbach;9571178-241;241
Sachsen b.Ansbach;9571196-241;241
Insingen;9571169-241;241
Treuchtlingen, St;9577173-241;241
Neusitz;9571181-241;241
Horben;8315056-281;281
Bötzingen;8315013-281;281
Schallstadt;8315098-281;281
Gottenheim;8315043-281;281
Wittnau;8315125-281;281
March;8315132-281;281
Umkirch;8315115-281;281
Breisach am Rhein, Stadt;8315015-281;281
Ihringen;8315059-281;281
Pfaffenweiler;8315089-281;281
Au;8315003-281;281
Bollschweil;8315014-281;281
Merdingen;8315072-281;281
Merzhausen;8315073-281;281
Ebringen;8315028-281;281
Sölden;8315107-281;281
Ehrenkirchen;8315131-281;281
Freiburg im Breisgau (Wkr. 281);8311000-281;281
Vogtsburg im Kaiserstuhl, Stadt;8315133-281;281
Eichstetten am Kaiserstuhl;8315030-281;281
Ottenbach;8117037-263;263
Mühlhausen im Täle;8117035-263;263
Wiesensteig, Stadt;8117058-263;263
Schlat;8117043-263;263
Dürnau;8117017-263;263
Eislingen/Fils, Stadt;8117019-263;263
Heiningen;8117030-263;263
Geislingen an der Steige, Stadt;8117024-263;263
Börtlingen;8117011-263;263
Süßen, Stadt;8117049-263;263
Gruibingen;8117028-263;263
Wäschenbeuren;8117053-263;263
Bad Boll;8117012-263;263
Rechberghausen;8117038-263;263
Gammelshausen;8117023-263;263
Hattenhofen;8117029-263;263
Bad Überkingen;8117007-263;263
Birenbach;8117009-263;263
Aichelberg;8117002-263;263
Kippenheim;8317059-283;283
Sexau;8316039-283;283
Lahr/Schwarzwald, Stadt;8317065-283;283
Seelbach;8317127-283;283
Mahlberg, Stadt;8317073-283;283
Kenzingen, Stadt;8316020-283;283
Simonswald;8316042-283;283
Mühlenbach;8317078-283;283
Sasbach am Kaiserstuhl;8316038-283;283
Wyhl am Kaiserstuhl;8316051-283;283
Biederbach;8316003-283;283
Denzlingen;8316009-283;283
Endingen am Kaiserstuhl, Stadt;8316012-283;283
Bad Krozingen, Stadt;8315006-282;282
Häg-Ehrsberg;8336106-282;282
Hausen im Wiesental;8336036-282;282
Heitersheim, Stadt;8315050-282;282
Sulzburg, Stadt;8315111-282;282
Wembach;8336094-282;282
Eimeldingen;8336019-282;282
Rheinfelden (Baden), Stadt;8336069-282;282
Böllen;8336010-282;282
Auggen;8315004-282;282
Wieden;8336096-282;282
Eschbach;8315033-282;282
Staufen im Breisgau, Stadt;8315108-282;282
Inzlingen;8336043-282;282
Alfdorf;8119001-264;264
Berglen;8119089-264;264
Waiblingen, Stadt;8119079-264;264
Winnenden, Stadt;8119085-264;264
Kernen im Remstal;8119093-264;264
Remshalden;8119090-264;264
Fellbach, Stadt;8119020-264;264
Rudersberg;8119061-264;264
Plüderhausen;8119055-264;264
Urbach;8119076-264;264
Winterbach;8119086-264;264
Welzheim, Stadt;8119084-264;264
Weinstadt, Stadt;8119091-264;264
Schorndorf, Stadt;8119067-264;264
Leutenbach;8119042-264;264
Korb;8119041-264;264
Hemmingen;8118027-265;265
Asperg, Stadt;8118003-265;265
Schwieberdingen;8118067-265;265
Markgröningen, Stadt;8118050-265;265
Eberdingen;8118012-265;265
Ludwigsburg, Stadt;8118048-265;265
Gerlingen, Stadt;8118019-265;265
Sersheim;8118068-265;265
Oberriexingen, Stadt;8118059-265;265
Möglingen;8118051-265;265
Ditzingen, Stadt;8118011-265;265
Korntal-Münchingen, Stadt;8118080-265;265
Kornwestheim, Stadt;8118046-265;265
Remseck am Neckar, Stadt;8118081-265;265
Vaihingen an der Enz, Stadt;8118073-265;265
Gunningen;8327020-285;285
Gosheim;8327019-285;285
Deilingen;8327009-285;285
Hardt;8325024-285;285
Dürbheim;8327011-285;285
Buchheim;8327008-285;285
Spaichingen, Stadt;8327046-285;285
Eschbronn;8325071-285;285
Vöhringen;8325061-285;285
Seitingen-Oberflacht;8327055-285;285
Durchhausen;8327012-285;285
Lauterbach;8325036-285;285
Dornhan, Stadt;8325012-285;285
Deißlingen;8325072-285;285
Altbach;8116004-261;261
Ostfildern, Stadt;8116080-261;261
Deizisau;8116014-261;261
Baltmannsweiler;8116007-261;261
Reichenbach an der Fils;8116058-261;261
Denkendorf;8116015-261;261
Wernau (Neckar), Stadt;8116072-261;261
Wendlingen am Neckar, Stadt;8116071-261;261
Aichwald;8116076-261;261
Hochdorf;8116027-261;261
Köngen;8116035-261;261
Hockenheim, Stadt;8226032-278;278
Waghäusel, Stadt;8215106-278;278
Altlußheim;8226003-278;278
Oberhausen-Rheinhausen;8215107-278;278
Karlsdorf-Neuthard;8215103-278;278
Bad Schönborn;8215100-278;278
Bruchsal, Stadt;8215009-278;278
Ubstadt-Weiher;8215084-278;278
Reilingen;8226068-278;278
Kronau;8215039-278;278
Brühl;8226009-278;278
Schwetzingen, Stadt;8226084-278;278
Forst;8215021-278;278
Oftersheim;8226062-278;278
Ketsch;8226037-278;278
Philippsburg, Stadt;8215066-278;278
Plankstadt;8226063-278;278
Dornstadt;8425031-291;291
Allmendingen;8425002-291;291
Illerrieden;8425066-291;291
Schelklingen, Stadt;8425108-291;291
Griesingen;8425050-291;291
Westerheim;8425134-291;291
Dietenheim, Stadt;8425028-291;291
Oberdischingen;8425088-291;291
Hausen am Bussen;8425055-291;291
Hüttisheim;8425064-291;291
Heusweiler;10041513-298;298
Oberthal;10046116-298;298
Schmelz;10044117-298;298
Tholey;10046118-298;298
Marpingen;10046112-298;298
Merchweiler;10043113-298;298
Nohfelden;10046114-298;298
Ottweiler, Stadt;10043115-298;298
Namborn;10046113-298;298
Illingen;10043112-298;298
Eppelborn;10043111-298;298
St. Wendel, Kreisstadt;10046117-298;298
Schiffweiler;10043116-298;298
Nonnweiler;10046115-298;298
Lebach, Stadt;10044112-298;298
Freisen;10046111-298;298
Ensdorf;10044123-297;297
Wadgassen;10044120-297;297
Bous;10044122-297;297
Wallerfangen;10044121-297;297
Wadern, Stadt;10042116-297;297
Saarwellingen;10044116-297;297
Nalbach;10044113-297;297
Rehlingen-Siersburg;10044114-297;297
Dillingen/ Saar, Stadt;10044111-297;297
Überherrn;10044119-297;297
Merzig, Kreisstadt;10042113-297;297
Saarbrücken, Landeshauptstadt;10041100-296;296
Püttlingen, Stadt;10041515-296;296
Kleinblittersdorf;10041514-296;296
Großrosseln;10041512-296;296
Riegelsberg;10041517-296;296
Völklingen, Stadt;10041519-296;296
Blieskastel, Stadt;10045112-299;299
Quierschied;10041516-299;299
Neunkirchen, Kreisstadt;10043114-299;299
Friedrichsthal, Stadt;10041511-299;299
Gersheim;10045113-299;299
Spiesen-Elversberg;10043117-299;299
Homburg, Kreisstadt;10045114-299;299
Mandelbachtal;10045116-299;299
Kirkel;10045115-299;299
St. Ingbert, Stadt;10045117-299;299
Bexbach, Stadt;10045111-299;299
Sulzbach/ Saar, Stadt;10041518-299;299
